name;battue;latitude;longitude;horizontalAccuracy;verticalAccuracy;line_offset_x;line_offset_y;number_offset_x;number_offset_y;skip_path
1;Faîté;49.76984393264702;5.252581983804703;;;;;;
2;Faîté;49.77074170458593;5.253296792507173;;;;;;
3;Faîté;49.77132613522122;5.254282504320145;;;;;;
4;Faîté;49.77233236145199;5.25550190359354;;;;;;
5;Faîté;49.77323160298211;5.256240852177144;;;;;;
6;Faîté;49.77415009829531;5.256692804396152;;;;;;
7;Faîté;49.77480940350544;5.256025269627571;;;;;;
8;Faîté;49.77554577944348;5.255524031817914;;;;;;
9;Faîté;49.77682558762444;5.256710238754749;;;;;;
10;Faîté;49.77884515187819;5.257186330854893;;;;;;
11;Faîté;49.77995210930734;5.25824747979641;;;;;;
12;Faîté;49.78105168074625;5.258498936891556;;;;;;
13;Faîté;49.78171219098967;5.258863046765327;;;;;;
14;Faîté;49.78229973661804;5.257797874510289;;;;;;
15;Faîté;49.78257921879163;5.256459452211858;;;;;;
16;Faîté;49.78250864482406;5.255460329353809;;;;;;
17;Faîté;49.7824705434982;5.254458524286747;;;;;;
18;Faîté;49.78247400725631;5.253330320119857;;;;;;
19;Faîté;49.78253743728336;5.251990221440792;;;;;;
20;Faîté;49.78258484738586;5.250950530171394;;;;;;
21;Faîté;49.78280219721616;5.249901115894318;;;;;;
22;Faîté;49.78335595861202;5.248944237828255;;;;;;
23;Faîté;49.78388005612015;5.248435288667679;;;;;;
24;Faîté;49.78316718686916;5.247347317636013;;;;;;
25;Faîté;49.78179900271202;5.247683264315128;;;;;;
26;Faîté;49.78035457396766;5.244709365069865;;;;;;
27;Faîté;49.77938986555911;5.251118838787079;;;;;;;1
28;Faîté;49.77862865030443;5.252103880047798;;;;;;;1
29;Faîté;49.77671798197853;5.252264142036438;;;;;;;1
30;Faîté;49.77596343668289;5.250597819685936;;;;;;;1
31;Faîté;49.77504930609841;5.25140717625618;;;;;;;1
32;Faîté;49.77386147352015;5.251709595322609;;;;;;;1
33;Faîté;49.77309757309698;5.251257978379726;;;;;;;1
34;Faîté;49.77501552927088;5.247958861291409;;;;;;;1
35;Faîté;49.77529613604658;5.246803499758244;;;;;;
36;Faîté;49.77343470410484;5.245520733296871;;;;;;
37;Faîté;49.77254217875042;5.248138569295406;;;;;;
38;Faîté;49.77092965859344;5.24939451366663;;;;;;
39;Faîté;49.77030408073738;5.249485373497009;;;;;;
40;Faîté;49.76973414608071;5.249552763998509;;;;;;
1;Burzais;49.79944929178492;5.255222618579865;;;;;;
2;Burzais;49.80071743200553;5.254543349146843;;;;;;
3;Burzais;49.80130561273004;5.252449214458466;;;;;;
4;Burzais;49.80113119343709;5.249732472002505;;;;;;
5;Burzais;49.79953044509752;5.24728998541832;;;;;;
6;Burzais;49.79904309035998;5.245176404714583;;;;;;
7;Burzais;49.79925062790161;5.242193788290024;;;;;;
8;Burzais;49.7996405969762;5.240293778479098;;;;;;
9;Burzais;49.7995308779148;5.239554829895496;;;;;;
10;Burzais;49.79922379306623;5.239340923726558;;;;;;
11;Burzais;49.79870527187521;5.238816887140274;;;;;;
12;Burzais;49.79637337275998;5.238368287682533;;;;;;
13;Burzais;49.79522740067416;5.238427966833114;;;;;;
14;Burzais;49.79436146496877;5.238519161939622;;;;;;
15;Burzais;49.79308190353608;5.238733403384686;;;;;;
16;Burzais;49.79401712082415;5.240468792617321;;;;;;
17;Burzais;49.7945874191927;5.24160873144865;;;;;;
18;Burzais;49.79479475940169;5.242557562887669;;;;;;
19;Burzais;49.79463005603053;5.24449210613966;;;;;;
20;Burzais;49.79396539323955;5.246242247521876;;;;;;
21;Burzais;49.7929951120319;5.247517302632332;;;;;;
22;Burzais;49.79179213546472;5.248019546270371;;;;;;
23;Burzais;49.79023112168917;5.248870477080346;;;;;;
24;Burzais;49.78893651566841;5.253308527171612;;;;;;
25;Burzais;49.79022116497837;5.253929123282433;;;;;;
26;Burzais;49.79123457447873;5.254791118204593;;;;;;
27;Burzais;49.79193607000297;5.256040692329406;;;;;;
28;Burzais;49.79273928180543;5.25744516402483;;;;;;
29;Burzais;49.79422229915107;5.258530117571354;;;;;;
30;Burzais;49.79512156732328;5.258291400969028;;;;;;
31;Burzais;49.79584161911341;5.258016474545002;;;;;;
32;Burzais;49.79752884010235;5.254738815128803;;;;;;
33;Burzais;49.79855637995615;5.254992619156837;;;;;;
34;Burzais;49.79189451300731;5.23887287825346;;;;;;;1
35;Burzais;49.79093479621773;5.237247794866563;;;;;;;1
36;Burzais;49.7900328528889;5.236694253981113;;;;;;;1
37;Burzais;49.7879356127944;5.238998606801032;;;;;;;1
38;Burzais;49.78777413301434;5.24273056536913;;;;;;;1
39;Burzais;49.78807587897612;5.244386158883572;;;;;;;1
40;Burzais;49.78830705753741;5.246096737682819;;;;;;;1
1;Long Chenois;49.79614591190259;5.264653936028481;;;;;;
2;Long Chenois;49.79637770121504;5.266155973076821;;;;;;
3;Long Chenois;49.79654867488016;5.267510823905468;;;;;;
4;Long Chenois;49.79666337839311;5.268690660595895;;;;;;
5;Long Chenois;49.79599160150239;5.269960686564445;;;;;;
6;Long Chenois;49.79452227349493;5.269724987447262;;;;;;
7;Long Chenois;49.79332084991607;5.267503447830677;;;;;;
8;Long Chenois;49.79196009512486;5.267055854201316;;;;;;
9;Long Chenois;49.79107591950024;5.269233472645283;;;;;;
10;Long Chenois;49.79043674895437;5.271405391395092;;;;;;
11;Long Chenois;49.78915859901285;5.270439125597477;;;;;;
12;Long Chenois;49.78925838466748;5.267890691757202;;;;;;
13;Long Chenois;49.78941488106101;5.267162472009659;;;;;;
14;Long Chenois;49.78926574412193;5.266527123749256;;;;;;
15;Long Chenois;49.78899604103119;5.26561550796032;;;;;;
16;Long Chenois;49.78877915190255;5.264847725629807;;;;;;
17;Long Chenois;49.78819601404035;5.262326449155807;;;;;;
18;Long Chenois;49.78762932026046;5.261589176952838;;;;;;
19;Long Chenois;49.78681693216609;5.261629745364188;;;;;;
20;Long Chenois;49.78573848919328;5.261324979364872;;;;;;
21;Long Chenois;49.78456542249717;5.260223262012005;;;;;;
22;Long Chenois;49.78350208302259;5.259733758866786;;;;;;
23;Long Chenois;49.78263918493484;5.25728389620781;;;;;;
24;Long Chenois;49.78277102359523;5.255929715931416;;;;;;
25;Long Chenois;49.78272945873609;5.254862867295742;;;;;;
26;Long Chenois;49.78272469609369;5.253851339221002;;;;;;
27;Long Chenois;49.78269612022958;5.252689607441425;;;;;;
28;Long Chenois;49.78273638621509;5.251545980572701;;;;;;
29;Long Chenois;49.78287471910397;5.250490196049213;;;;;;
30;Long Chenois;49.78350792798984;5.249438099563122;;;;;;
31;Long Chenois;49.78410497685602;5.24919368326664;;;;;;
32;Long Chenois;49.78889906876637;5.253539532423019;;;;;;
33;Long Chenois;49.79017657620496;5.254104137420654;;;;;;
34;Long Chenois;49.79120557074251;5.254854820668697;;;;;;
35;Long Chenois;49.79187351805321;5.256101712584496;;;;;;
36;Long Chenois;49.79271460775276;5.257520601153374;;;;;;
37;Long Chenois;49.7941110527821;5.259059518575668;;;;;;
38;Long Chenois;49.79513974730185;5.260010361671447;;;;;;
39;Long Chenois;49.7953767356838;5.261335037648678;;;;;;
40;Long Chenois;49.79581131958451;5.263107642531394;;;;;;
1;Arzi;49.80052526545202;5.267354920506478;;;;;;
2;Arzi;49.799205831031;5.267719700932503;;;;;;
3;Arzi;49.79812355201017;5.268277265131474;;;;;;
4;Arzi;49.7970315099078;5.269122160971165;;;;;;
5;Arzi;49.79596563055917;5.269973091781139;;;;;;
6;Arzi;49.79452248992595;5.269686095416546;;;;;;
7;Arzi;49.79329314604837;5.267443768680096;;;;;;
8;Arzi;49.79190576803047;5.267056189477444;;;;;;
9;Arzi;49.79103717557253;5.269332379102707;;;;;;
10;Arzi;49.79038371884846;5.271527767181396;;;;;;
11;Arzi;49.78916639139243;5.270340219140053;;;;;;
12;Arzi;49.78926054921303;5.267812572419644;;;;;;
13;Arzi;49.78940708872143;5.267128944396974;;;;;;
14;Arzi;49.78926076566758;5.266476161777973;;;;;;
15;Arzi;49.78898976381456;5.265535376966;;;;;;
16;Arzi;49.78878001772934;5.264797434210778;;;;;;
17;Arzi;49.78991120721887;5.263987742364407;;;;;;
18;Arzi;49.79068068669371;5.262532979249954;;;;;;
19;Arzi;49.79132180202858;5.261341072618961;;;;;;
20;Arzi;49.79193823442888;5.260388217866421;;;;;;
21;Arzi;49.79265725135362;5.259143002331256;;;;;;
22;Arzi;49.79355849650513;5.257873311638832;;;;;;
23;Arzi;49.79436514430845;5.255946479737759;;;;;;
24;Arzi;49.79515251656844;5.254559442400932;;;;;;
25;Arzi;49.79648158402023;5.254707969725131;;;;;;
26;Arzi;49.7975188848918;5.25503184646368;;;;;;
27;Arzi;49.79856568571452;5.255276598036289;;;;;;
28;Arzi;49.79946270914198;5.255559906363487;;;;;;
29;Arzi;49.80018139794773;5.256547294557095;;;;;;
30;Arzi;49.80107514541672;5.258288718760014;;;;;;
31;Arzi;49.80188621237551;5.259150713682175;;;;;;
32;Arzi;49.80299588923359;5.260149501264095;;;;;;
33;Arzi;49.8037465512971;5.261225402355193;;;;;;
34;Arzi;49.80399886115573;5.262334495782852;;;;;;
35;Arzi;49.80406572521176;5.263172015547752;;;;;;
36;Arzi;49.80421438380148;5.264097712934017;;;;;;
37;Arzi;49.80432279392626;5.264985524117948;;;;;;
38;Arzi;49.80444700003828;5.266048349440098;;;;;;
39;Arzi;49.80456211761366;5.267030373215675;;;;;;
40;Arzi;49.80470341757162;5.268061012029649;;;;;;
41;Arzi;49.80366627061179;5.268596448004245;;;;;;
42;Arzi;49.80284960723424;5.268233343958855;;;;;;
43;Arzi;49.80210022964622;5.267202369868755;;;;;;
1;Barcacelle;49.79623832476798;5.321040339767934;;;;;;
2;Barcacelle;49.79663935560439;5.319775007665157;;;;;;
3;Barcacelle;49.79717889158155;5.318485535681249;;;;;;
4;Barcacelle;49.79769721270102;5.317308716475964;;;;;;
5;Barcacelle;49.79815146952941;5.316241532564163;;;;;;
6;Barcacelle;49.79853560430314;5.315328910946846;;;;;;
7;Barcacelle;49.79916363104251;5.313364192843438;;;;;;
8;Barcacelle;49.79857996896803;5.312402285635471;;;;;;
9;Barcacelle;49.79774049605084;5.310913659632206;;;;;;
10;Barcacelle;49.79718019009651;5.310701094567775;;;;;;
11;Barcacelle;49.79630887873387;5.310369841754436;;;;;;
12;Barcacelle;49.79565159746871;5.310136824846268;;;;;;
13;Barcacelle;49.79466706564101;5.310153588652611;;;;;;
14;Barcacelle;49.79419524509652;5.310322903096676;;;;;;
15;Barcacelle;49.79377319988888;5.310479477047919;;;;;;
16;Barcacelle;49.79300636679931;5.310553237795831;;;;;;
17;Barcacelle;49.7921516463459;5.310587771236897;;;;;;
18;Barcacelle;49.79126704132706;5.310532450675964;;;;;;
19;Barcacelle;49.79001164067661;5.310284681618215;;;;;;
20;Barcacelle;49.78760399421864;5.312381833791732;;;;;;
21;Barcacelle;49.78679290449303;5.312871001660824;;;;;;
22;Barcacelle;49.78677645310641;5.313945896923542;;;;;;
23;Barcacelle;49.78674939489255;5.31494501978159;;;;;;
24;Barcacelle;49.78680762414999;5.316138602793217;;;;;;
25;Barcacelle;49.78690936283332;5.317381471395493;;;;;;
26;Barcacelle;49.78741740365641;5.319024994969368;;;;;;
27;Barcacelle;49.78770811230579;5.32038252800703;;;;;;
28;Barcacelle;49.78809579327764;5.321919433772564;;;;;;
29;Barcacelle;49.78858390756487;5.323406383395195;;;;;;
30;Barcacelle;49.78958198315264;5.32446652650833;;;;;;
31;Barcacelle;49.79054648862177;5.325192734599113;;;;;;
32;Barcacelle;49.79124864344901;5.326115414500237;;;;;;
33;Barcacelle;49.79201377283156;5.326858051121235;;;;;;
34;Barcacelle;49.79314445392517;5.327504128217696;;;;;;
35;Barcacelle;49.79442985735471;5.328439883887767;;;;;;
36;Barcacelle;49.79458676990046;5.327549725770949;;;;;;
37;Barcacelle;49.79468286505677;5.326696783304214;;;;;;
38;Barcacelle;49.79470883668791;5.32593235373497;;;;;;
39;Barcacelle;49.79468632794173;5.324541628360748;;;;;;
40;Barcacelle;49.79460927869292;5.32306507229805;;;;;;
1;Boulois;49.79445041833792;5.229226648807526;;;;;;
2;Boulois;49.79316133602328;5.230358205735683;;;;;;
3;Boulois;49.79084497060136;5.232408419251443;;;;;;
4;Boulois;49.7900441083447;5.236658379435539;;;;;;
5;Boulois;49.79094756659305;5.237229689955711;;;;;;
6;Boulois;49.7919224341177;5.238840691745281;;;;;;
7;Boulois;49.79309856921857;5.23868177086115;;;;;;
8;Boulois;49.79437813021096;5.238478593528271;;;;;;
9;Boulois;49.79523757278363;5.238408856093884;;;;;;
10;Boulois;49.796409948193;5.238151364028453;;;;;;
11;Boulois;49.79879118749809;5.238722339272499;;;;;;
12;Boulois;49.79930559598576;5.239180326461792;;;;;;
13;Boulois;49.79961700848103;5.239404290914536;;;;;;
14;Boulois;49.80061810276734;5.239824391901493;;;;;;
15;Boulois;49.8010879131182;5.239700004458427;;;;;;
16;Boulois;49.80161831075795;5.23957695811987;;;;;;
17;Boulois;49.8020210282185;5.239445194602013;;;;;;
18;Boulois;49.80263472769706;5.239039175212383;;;;;;
19;Boulois;49.80310473487231;5.238730385899544;;;;;;
20;Boulois;49.80364181851674;5.238352194428444;;;;;;
21;Boulois;49.80330446490094;5.234971940517426;;;;;;
22;Boulois;49.80265030811852;5.235096327960491;;;;;;
23;Boulois;49.80108856232325;5.231477692723274;;;;;;
24;Boulois;49.80081308219043;5.230837315320969;;;;;;
25;Boulois;49.80054885350471;5.230141952633858;;;;;;
26;Boulois;49.80033223251554;5.229571312665939;;;;;;
27;Boulois;49.80001346680007;5.228851810097694;;;;;;
28;Boulois;49.798025515943;5.222813822329045;;;;;;
29;Boulois;49.79718235428803;5.222840979695319;;;;;;
30;Boulois;49.79763661594632;5.228941664099693;;;;;;
31;Boulois;49.79892860889533;5.234825089573859;;;;;;
32;Boulois;49.79650993533044;5.23405596613884;;;;;;
33;Boulois;49.79641687371566;5.232761800289153;;;;;;
34;Boulois;49.79637921617422;5.231487080454826;;;;;;
35;Boulois;49.79539058702368;5.230849720537663;;;;;;
36;Boulois;49.79473935333672;5.231265127658844;;;;;;
37;Boulois;49.79463828039086;5.231934003531933;;;;;;
38;Boulois;49.79469498515304;5.232966989278792;;;;;;
39;Boulois;49.79413572612336;5.234012380242348;;;;;;
40;Boulois;49.79280767648223;5.235473848879337;;;;;;
1;Coquerains;49.80715954742501;5.310794971883297;;;;;;
2;Coquerains;49.80732334268406;5.309034436941147;;;;;;
3;Coquerains;49.80657554898524;5.30692420899868;;;;;;
4;Coquerains;49.80528808774575;5.305594839155674;;;;;;
5;Coquerains;49.80394368201083;5.304173938930036;;;;;;
6;Coquerains;49.80280091860092;5.303504057228566;;;;;;
7;Coquerains;49.80163064551763;5.302794612944126;;;;;;
8;Coquerains;49.80079425513276;5.30225045979023;;;;;;
9;Coquerains;49.79980117156462;5.301828682422639;;;;;;
10;Coquerains;49.79896951062172;5.301747880876065;;;;;;
11;Coquerains;49.79814865613674;5.302031189203263;;;;;;
12;Coquerains;49.79724771282623;5.301816947758198;;;;;;
13;Coquerains;49.79654456286238;5.302013084292412;;;;;;
14;Coquerains;49.79587992634785;5.302385576069355;;;;;;
15;Coquerains;49.79542586463701;5.30269704759121;;;;;;
16;Coquerains;49.7949679029461;5.302982032299042;;;;;;
17;Coquerains;49.7942567118866;5.303379334509373;;;;;;
18;Coquerains;49.79332063347968;5.303743779659271;;;;;;
19;Coquerains;49.79269988989077;5.305048003792763;;;;;;
20;Coquerains;49.79283429843477;5.306793116033076;;;;;;
21;Coquerains;49.792894251884;5.308996550738811;;;;;;
22;Coquerains;49.79376670685694;5.310237407684326;;;;;;
23;Coquerains;49.79420909677434;5.310092568397522;;;;;;
24;Coquerains;49.79467355855223;5.309958793222904;;;;;;
25;Coquerains;49.79565635884021;5.310115367174149;;;;;;
26;Coquerains;49.79631710280908;5.310351066291332;;;;;;
27;Coquerains;49.79718581699424;5.31068567186594;;;;;;
28;Coquerains;49.79774460796704;5.310886166989802;;;;;;
29;Coquerains;49.79915951924679;5.310857668519021;;;;;;
30;Coquerains;49.79985873591006;5.311802141368389;;;;;;
31;Coquerains;49.8014767853955;5.313612297177315;;;;;;
32;Coquerains;49.80307811856576;5.315896533429623;;;;;;
33;Coquerains;49.80426458572579;5.316904708743095;;;;;;
34;Coquerains;49.80538957122777;5.317599065601826;;;;;;
35;Coquerains;49.80594870028582;5.31625360250473;;;;;;
36;Coquerains;49.80630486039767;5.315011404454707;;;;;;
37;Coquerains;49.80740837752073;5.3129792958498;;;;;;
38;Coquerains;49.80299112858374;5.308361537754536;;;;;;;1
39;Coquerains;49.7987981126802;5.304645337164402;;;;;;;1
40;Coquerains;49.79659520558324;5.307263173162937;;;;;;;1
1;Poursumont;49.80145644379563;5.268331579864025;;;;;;
2;Poursumont;49.79928698475167;5.268088839948177;;;;;;
3;Poursumont;49.79820275981351;5.268498212099075;;;;;;
4;Poursumont;49.797104659752;5.269523821771145;;;;;;
5;Poursumont;49.79601887097773;5.270162522792816;;;;;;
6;Poursumont;49.79435800206058;5.269906036555767;;;;;;
7;Poursumont;49.79320678779658;5.267701260745524;;;;;;
8;Poursumont;49.79200316716035;5.267395488917828;;;;;;
9;Poursumont;49.79122743176917;5.269487276673317;;;;;;
10;Poursumont;49.79058761387689;5.271668583154678;;;;;;
11;Poursumont;49.78971575099186;5.272905752062797;;;;;;
12;Poursumont;49.78987744075099;5.274341069161892;;;;;;
13;Poursumont;49.78996272268228;5.275634229183197;;;;;;
14;Poursumont;49.79041293952624;5.277122184634209;;;;;;
15;Poursumont;49.79099323689076;5.277937576174736;;;;;;
16;Poursumont;49.79170534164921;5.278389193117619;;;;;;
17;Poursumont;49.79229319896483;5.279016830027103;;;;;;
18;Poursumont;49.79267283498577;5.279744379222393;;;;;;
19;Poursumont;49.79302000237943;5.280488021671773;;;;;;
20;Poursumont;49.7933706302635;5.281242057681084;;;;;;
21;Poursumont;49.79360243285971;5.28225626796484;;;;;;
22;Poursumont;49.79402642745482;5.283116586506367;;;;;;
23;Poursumont;49.79464325829249;5.283036790788174;;;;;;
24;Poursumont;49.79529492612686;5.282829590141773;;;;;;
25;Poursumont;49.79575742966123;5.282753147184849;;;;;;
26;Poursumont;49.796647796045;5.282850377261639;;;;;;
27;Poursumont;49.79760004143981;5.282776281237602;;;;;;
28;Poursumont;49.79858321516143;5.281954519450665;;;;;;
29;Poursumont;49.79958065187881;5.282408148050308;;;;;;
30;Poursumont;49.80026125160098;5.283078365027905;;;;;;
31;Poursumont;49.80086696648738;5.282242856919765;;;;;;
32;Poursumont;49.80145904059609;5.281897857785225;;;;;;
33;Poursumont;49.80206257652461;5.281403996050358;;;;;;
34;Poursumont;49.80227854058306;5.280178226530552;;;;;;
35;Poursumont;49.80243845723603;5.278930999338627;;;;;;
36;Poursumont;49.80256072062657;5.277574472129346;;;;;;
37;Poursumont;49.80269207227911;5.276082493364811;;;;;;
38;Poursumont;49.80229455391176;5.275050513446331;;;;;;
39;Poursumont;49.80255660911936;5.273373797535896;;;;;;
40;Poursumont;49.80185548383228;5.270489752292633;;;;;;
1;Bochaban;49.80663094150722;5.292539522051811;;;;;;
2;Bochaban;49.80622631498463;5.293370671570301;;;;;;
3;Bochaban;49.80561222827119;5.294392593204975;;;;;;
4;Bochaban;49.80486960137419;5.294880419969559;;;;;;
5;Bochaban;49.80426848070047;5.295143611729145;;;;;;
6;Bochaban;49.80364290046813;5.294762067496777;;;;;;
7;Bochaban;49.80305106945875;5.294339284300805;;;;;;
8;Bochaban;49.80243824084038;5.293912477791309;;;;;;
9;Bochaban;49.80160878918692;5.29332708567381;;;;;;
10;Bochaban;49.80180095143996;5.291508883237839;;;;;;
11;Bochaban;49.80182756844866;5.290109440684319;;;;;;
12;Bochaban;49.801350840459;5.289105959236622;;;;;;
13;Bochaban;49.80083537168601;5.288226865231991;;;;;;
14;Bochaban;49.80067242008842;5.287112407386303;;;;;;
15;Bochaban;49.80076980158717;5.285947322845459;;;;;;
16;Bochaban;49.80069644087632;5.284949876368046;;;;;;
17;Bochaban;49.80048826031866;5.284255854785443;;;;;;
18;Bochaban;49.8004506059434;5.283517241477966;;;;;;
19;Bochaban;49.80087042893015;5.283031091094017;;;;;;
20;Bochaban;49.80128613666152;5.282615683972836;;;;;;
21;Bochaban;49.80164600986303;5.282253250479699;;;;;;
22;Bochaban;49.80207339639015;5.281911939382553;;;;;;
23;Bochaban;49.80243153257457;5.281513631343841;;;;;;
24;Bochaban;49.80259880615067;5.28019867837429;;;;;;
25;Bochaban;49.80283099736241;5.278942063450813;;;;;;
26;Bochaban;49.80313091837913;5.277567431330681;;;;;;
27;Bochaban;49.80371495837485;5.277542285621166;;;;;;
28;Bochaban;49.80425354996241;5.277518816292286;;;;;;
29;Bochaban;49.80483952387929;5.277432650327682;;;;;;
30;Bochaban;49.80536230702962;5.277374647557736;;;;;;
31;Bochaban;49.80607398412331;5.27860812842846;;;;;;
32;Bochaban;49.80645762328782;5.280157774686812;;;;;;
33;Bochaban;49.80686895552886;5.281956195831299;;;;;;
35;Bochaban;49.80728266438876;5.283517576754093;;;;;;
36;Bochaban;49.80765049879474;5.285338796675205;;;;;;
37;Bochaban;49.80789434982786;5.287056751549243;;;;;;
38;Bochaban;49.80826088136789;5.288904123008251;;;;;;
39;Bochaban;49.80845518090516;5.290400460362433;;;;;;
40;Bochaban;49.80861118253041;5.29194574803114;;;;;;
2;Grand Ourdon;49.78740571466455;5.321826227009296;;;;;;
1;Grand Ourdon;49.78677753543464;5.323259197175503;;;;;;
3;Grand Ourdon;49.78461607774481;5.317447520792484;;;;;;
4;Grand Ourdon;49.78359668481337;5.320431478321552;;;;;;
5;Grand Ourdon;49.78164399713358;5.31893614679575;;;;;;
6;Grand Ourdon;49.78040913051207;5.317610800266266;;;;;;
7;Grand Ourdon;49.77958644594023;5.31623549759388;;;;;;
8;Grand Ourdon;49.77921904781822;5.312626920640469;;;;;;
9;Grand Ourdon;49.77899453740008;5.310340337455273;;;;;;
10;Grand Ourdon;49.77878669654861;5.307039208710194;;;;;;
11;Grand Ourdon;49.77882220275721;5.304482392966747;;;;;;
12;Grand Ourdon;49.77981593304135;5.302000679075718;;;;;;
13;Grand Ourdon;49.78093694025796;5.299899503588677;;;;;;
14;Grand Ourdon;49.78278834227601;5.299754329025745;;;;;;
15;Grand Ourdon;49.78288857401942;5.302714481949806;;;;;;
16;Grand Ourdon;49.7816476774394;5.305095613002777;;;;;;
17;Grand Ourdon;49.78162819346437;5.307862982153893;;;;;;
18;Grand Ourdon;49.78338171983638;5.309483706951141;;;;;;
19;Grand Ourdon;49.78615649151688;5.311463512480259;;;;;;
1;Mauleux;49.7767844506854;5.260182693600655;;;;;;
2;Mauleux;49.77501531275266;5.26394248008728;;;;;;
3;Mauleux;49.77270565805922;5.261642150580883;;;;;;
4;Mauleux;49.77377399800505;5.265445187687874;;;;;;
5;Mauleux;49.77239775352477;5.267987586557865;;;;;;
6;Mauleux;49.77037358978678;5.271685682237148;;;;;;
7;Mauleux;49.76869776596482;5.271931774914265;;;;;;
8;Mauleux;49.76840672669437;5.268342979252339;;;;;;
9;Mauleux;49.77134194225057;5.261061117053032;;;;;;
10;Mauleux;49.76893250172239;5.260148830711842;;;;;;
11;Mauleux;49.76869906524336;5.25774858891964;;;;;;
12;Mauleux;49.76689996419672;5.256834290921687;;;;;;
13;Mauleux;49.76597873278085;5.258846282958985;;;;;;
14;Mauleux;49.76461634365475;5.27100071310997;;;;;;
15;Mauleux;49.76144248468972;5.271616615355015;;;;;;
16;Mauleux;49.76138465810583;5.275289565324783;;;;;;
17;Mauleux;49.76263776855608;5.276006385684013;;;;;;
18;Mauleux;49.76379988801533;5.272934250533581;;;;;;
19;Mauleux;49.76546158815029;5.277833305299282;;;;;;
20;Mauleux;49.76556726974606;5.282441340386867;;;;;;
1;Taille de Saules;49.767464734932;5.281788222491741;;;;;;
2;Taille de Saules;49.76805894979832;5.284503623843193;;;;;;
3;Taille de Saules;49.76955614839746;5.284458696842194;;;;;;
4;Taille de Saules;49.77203246621319;5.279870443046092;;;;;;
5;Taille de Saules;49.77188912212951;5.288102477788925;;;;;;
6;Taille de Saules;49.77377832847979;5.287403427064419;;;;;;
7;Taille de Saules;49.7741897218174;5.28593558818102;;;;;;
8;Taille de Saules;49.77466433547679;5.282687433063984;;;;;;
9;Taille de Saules;49.77717221907648;5.277847386896609;;;;;;
10;Taille de Saules;49.77810817656309;5.276607535779476;;;;;;
11;Taille de Saules;49.77958363146902;5.273141115903854;;;;;;
12;Taille de Saules;49.77805253490471;5.271042957901955;;;;;;
13;Taille de Saules;49.77963277644253;5.270365700125695;;;;;;
14;Taille de Saules;49.77933487486919;5.267183929681778;;;;;;
15;Taille de Saules;49.7792268417967;5.264879241585732;;;;;;
16;Taille de Saules;49.77847666562174;5.263796299695968;;;;;;
17;Taille de Saules;49.77525586387771;5.268459320068359;;;;;;
18;Taille de Saules;49.7753519973867;5.271461382508279;;;;;;
19;Taille de Saules;49.77539248599222;5.274279043078422;;;;;;
20;Taille de Saules;49.77428520787694;5.27859404683113;;;;;;
21;Taille de Saules;49.77305751562802;5.275521911680698;;;;;;
22;Taille de Saules;49.77170030571062;5.275029726326465;;;;;;
23;Taille de Saules;49.76984328302311;5.277311615645886;;;;;;
1;Melèze;49.78109411300893;5.270024389028549;;;;;;
2;Melèze;49.78035284201285;5.276446267962456;;;;;;
3;Melèze;49.78045654269724;5.278203114867211;;;;;;
4;Melèze;49.77842600395492;5.281630642712115;;;;;;
5;Melèze;49.77667338077556;5.283389501273632;;;;;;
6;Melèze;49.77952474403424;5.284660868346691;;;;;;
7;Melèze;49.77707370757935;5.28573039919138;;;;;;
8;Melèze;49.77464636433258;5.290217064321041;;;;;;
9;Melèze;49.77664458483146;5.290005169808865;;;;;;
10;Melèze;49.77911599398496;5.291071012616158;;;;;;
11;Melèze;49.77954422885514;5.294059664011002;;;;;;
12;Melèze;49.78192131821648;5.296866595745087;;;;;;
13;Melèze;49.78150349583863;5.291392877697945;;;;;;
14;Melèze;49.78333950605816;5.289784893393517;;;;;;
15;Melèze;49.78293122115623;5.287041999399662;;;;;;
16;Melèze;49.78071741713259;5.287355147302151;;;;;;
17;Melèze;49.78100535160064;5.284281335771084;;;;;;
18;Melèze;49.78054855251317;5.281902551651001;;;;;;
19;Melèze;49.78181610525245;5.280759260058402;;;;;;
20;Melèze;49.78287017295895;5.281617902219296;;;;;;
21;Melèze;49.78332002276352;5.278876684606075;;;;;;
0;Saboterie;49.78370773885378;5.264335423707963;;;;;;
00;Saboterie;49.78256233300505;5.274165049195289;;;;;;
1;Saboterie;49.7836057769666;5.267472602427007;;;;;;
2;Saboterie;49.78510682477329;5.264105424284935;;;;;;
3;Saboterie;49.78669159849717;5.26722114533186;;;;;;
4;Saboterie;49.78763624703879;5.268419422209264;;;;;;
5;Saboterie;49.78554994320509;5.271058380603791;;;;;;
6;Saboterie;49.78627489959825;5.272981859743595;;;;;;
7;Saboterie;49.78507998210009;5.275221504271031;;;;;;
8;Saboterie;49.7884756786573;5.273952819406987;;;;;;
9;Saboterie;49.78816376159289;5.276778191328049;;;;;;
10;Saboterie;49.786130731768;5.277831964194775;;;;;;
11;Saboterie;49.78807696127533;5.279937162995338;;;;;;
12;Saboterie;49.78502672965597;5.283123962581158;;;;;;
13;Saboterie;49.78546768410545;5.286591053009032;;;;;;
14;Saboterie;49.78480289557192;5.290264673531055;;;;;;
15;Saboterie;49.78884235721794;5.284857340157032;;;;;;
16;Saboterie;49.79100622369741;5.28419315814972;;;;;;
17;Saboterie;49.79294165185092;5.287188179790974;;;;;;
18;Saboterie;49.79208606448771;5.288424342870713;;;;;;
1;Massinette;49.7850628807118;5.292853340506554;;;;;;
2;Massinette;49.789387391413;5.287935510277748;;;;;;
3;Massinette;49.78945124529582;5.314647294580936;;;;;;
4;Massinette;49.79111704430584;5.31239926815033;;;;;;
5;Massinette;49.7926037907997;5.307404324412346;;;;;;
6;Massinette;49.79248085294572;5.305072478950024;;;;;;
7;Massinette;49.79037527731604;5.307123363018037;;;;;;
8;Massinette;49.78854840850985;5.308464802801609;;;;;;
9;Massinette;49.78710569624155;5.305516049265862;;;;;;
10;Massinette;49.78847524574116;5.304218530654907;;;;;;
11;Massinette;49.78546313820376;5.303198285400867;;;;;;
12;Massinette;49.78643638437615;5.299348644912243;;;;;;
13;Massinette;49.78420845303249;5.295796729624271;;;;;;
14;Massinette;49.7878464309985;5.295412167906761;;;;;;
15;Massinette;49.79013566705149;5.298474915325642;;;;;;
16;Massinette;49.79062267854049;5.301367007195949;;;;;;
17;Massinette;49.79189386367895;5.299672521650791;;;;;;
18;Massinette;49.79334660584135;5.298070572316647;;;;;;
19;Massinette;49.79309943496816;5.296122282743454;;;;;;
20;Massinette;49.7932046234274;5.293912813067436;;;;;;
21;Massinette;49.79289814777344;5.292054712772369;;;;;;
22;Massinette;49.79302000237943;5.289981365203857;;;;;;
