altitude;altitudeApi;cityPostcode;country;horizontalAccuracy;latitude;locationReadTime;longitude;name;rawProvider;saveTime;state;streetWithHouseNumber;verticalAccuracy
293.9356346754357;304.8201858339405;;;4.591679046661292;49.63291831784879;2025-10-05T13:34:17.000Z;5.625464022164816;HD;Fused;2025-10-05T13:34:27.372Z;;;6.000420161473387
301.7813378022984;300.1711117388395;;;4.32571483031516;49.63285813578403;2025-10-05T13:34:27.000Z;5.625442648311728;H verrat;Fused;2025-10-05T13:35:06.431Z;;;6.001207176588806
315.8814353942871;333.8084369672404;Étalle 6740;Belgium;3.678860033390583;49.63586623319391;2025-10-05T13:36:35.000Z;5.625747079034919;H1;Fused;2025-10-05T13:36:42.570Z;Luxemburg;Rue du Bois;4
350.0763816833496;373.0985070604671;Étalle 6743;Belgium;4.193812505532148;49.6406753920481;2025-10-05T13:49:19.000Z;5.601457329472155;Y22;Fused;2025-10-05T13:49:26.844Z;Luxemburg;;6
350.6938133854419;373.1682157716507;Étalle 6743;Belgium;4.604490434624313;49.64075895962304;2025-10-05T13:49:43.000Z;5.601362111052127;D20;Fused;2025-10-05T13:49:48.475Z;Luxemburg;;3.552914982129751
356.6401775795966;376.0221140803167;Étalle 6743;Belgium;4.591020615503452;49.64162177148717;2025-10-05T13:50:52.000Z;5.600495099012423;D21;Fused;2025-10-05T13:50:57.788Z;Luxemburg;;3.570303452202787
355.0801659245044;365.2117544402374;Étalle 6743;Belgium;4.574717650336281;49.64254929223096;2025-10-05T13:56:34.000Z;5.599664272745699;Y20;Fused;2025-10-05T13:56:39.909Z;Luxemburg;;6.000467950660352
356.6618309020996;377.2870249548493;Étalle 6743;Belgium;3.535533905932737;49.64143093679998;2025-10-05T13:57:59.000Z;5.600700778891892;Y21;Fused;2025-10-05T13:58:05.408Z;Luxemburg;;4
357.4724998474121;373.2451323127787;Étalle 6743;Belgium;5.678957176407071;49.64077224493924;2025-10-05T13:58:52.000Z;5.601410726090521;D19;Fused;2025-10-05T13:59:36.961Z;Luxemburg;;8
352.7319603599608;366.2211329270132;Étalle 6743;Belgium;4.604488601935654;49.63987039406781;2025-10-05T13:59:46.000Z;5.602181106811019;D192;Fused;2025-10-05T13:59:52.504Z;Luxemburg;;3.552917357247912
348.2503846343607;365.0804521626604;Étalle 6743;Belgium;4.802985300141629;49.63940291574699;2025-10-05T14:00:32.000Z;5.602529445854778;Y23;Fused;2025-10-05T14:00:36.011Z;Luxemburg;;3.279614190634664
349.1095962747931;365.7779170575429;Étalle 6743;Belgium;4.79555940396364;49.63912453755042;2025-10-05T14:01:09.000Z;5.602784035533349;D18;Fused;2025-10-05T14:01:14.744Z;Luxemburg;;3.290463042771448
350.975664595142;365.7823836567075;Étalle 6743;Belgium;5.197690745607695;49.63886609420838;2025-10-05T14:01:33.000Z;5.602987937697383;Y24;Fused;2025-10-05T14:01:39.101Z;Luxemburg;;2.609319441121183
349.7250512493774;362.2540617741676;Étalle 6743;Belgium;4.711286506098388;49.63838615960434;2025-10-05T14:02:14.000Z;5.603400625713938;D17;Fused;2025-10-05T14:02:20.252Z;Luxemburg;;3.410031743289801
348.2322430238128;363.3526948945329;Étalle 6743;Belgium;4.744170409678577;49.63812577338903;2025-10-05T14:02:41.000Z;5.603595877185915;Y25;Fused;2025-10-05T14:02:45.724Z;Luxemburg;;3.364132006434802
349.8682187777013;367.3462345928923;Étalle 6743;Belgium;4.840685678867659;49.63739988179329;2025-10-05T14:03:44.000Z;5.604248687965741;D16;Fused;2025-10-05T14:03:48.541Z;Luxemburg;;3.22370891849658
349.9586460432038;367.3040219626571;Étalle 6743;Belgium;4.832751463989694;49.63741077139579;2025-10-05T14:03:53.000Z;5.604253111083328;Y26;Fused;2025-10-05T14:03:57.211Z;Luxemburg;;3.235591185563205
347.6874318327755;364.8009741018196;Étalle 6743;Belgium;4.786915627012817;49.63693550514527;2025-10-05T14:04:29.000Z;5.60470461439369;Y27;Fused;2025-10-05T14:04:36.869Z;Luxemburg;;3.303025251591232
346.4184108618647;363.9224344932404;Étalle 6743;Belgium;4.696940484607035;49.63646449933755;2025-10-05T14:05:24.000Z;5.605127783282366;Y1;Fused;2025-10-05T14:05:28.720Z;Luxemburg;;3.429764877779272
339.1207542419434;361.4753049732603;Étalle 6743;Belgium;3.635730645758339;49.63589716241661;2025-10-05T14:07:49.000Z;5.604485208173845;Y2;Fused;2025-10-05T14:07:54.589Z;Luxemburg;;4
342.8277244567871;362.3636384367211;Étalle 6743;Belgium;4.70932207101057;49.6360107791141;2025-10-05T14:08:37.000Z;5.603802585979555;B2;Fused;2025-10-05T14:08:41.356Z;Luxemburg;;6
348.970201799646;362.5677332271491;Étalle 6743;Belgium;4.681148391060733;49.63611621641579;2025-10-05T14:09:05.000Z;5.603590370909031;Y3;Fused;2025-10-05T14:09:11.088Z;Luxemburg;;3.45128769789746
342.8456606511027;363.0332251524754;Étalle 6743;Belgium;4.608769570091764;49.63631517072499;2025-10-05T14:09:53.000Z;5.602818004904155;Y4;Fused;2025-10-05T14:09:58.445Z;Luxemburg;;3.547362412072526
345.5181660233065;363.2303240433253;Étalle 6743;Belgium;4.682799335692247;49.63631220629017;2025-10-05T14:10:08.000Z;5.602661178097422;B3;Fused;2025-10-05T14:10:11.559Z;Luxemburg;;3.449047319830373
342.419958813116;362.1494429595716;Étalle 6743;Belgium;4.684734341103987;49.63641060301145;2025-10-05T14:10:37.000Z;5.60206696548553;Y5;Fused;2025-10-05T14:10:41.265Z;Luxemburg;;3.446418602849895
345.8820669827983;360.47445143805;Étalle 6743;Belgium;4.610555567147013;49.63633606154853;2025-10-05T14:11:25.000Z;5.601083499689731;B2? Mistake;Fused;2025-10-05T14:11:30.924Z;Luxemburg;;3.545040817118828
337.2006283430383;358.3022044001868;Étalle 6743;Belgium;4.708441593080064;49.63642752526624;2025-10-05T14:12:22.000Z;5.60007944319436;Y7;Fused;2025-10-05T14:12:27.784Z;Luxemburg;;3.413958815999763
339.2181745376438;358.4174312830344;Étalle 6743;Belgium;4.746172276337869;49.63639328477275;2025-10-05T14:12:49.000Z;5.599779663026284;B5;Fused;2025-10-05T14:12:54.095Z;Luxemburg;;3.361307149921092
337.8597496813163;357.3129850936745;Étalle 6743;Belgium;4.709710120079642;49.63642063774357;2025-10-05T14:13:31.000Z;5.599422680481189;Y8;Fused;2025-10-05T14:13:35.710Z;Luxemburg;;3.412208612850077
327.7617306960747;345.9232375815025;Étalle 6743;Belgium;4.796335188200093;49.63648149753021;2025-10-05T14:14:35.000Z;5.597945226284714;Y9;Fused;2025-10-05T14:14:40.112Z;Luxemburg;;3.289332119932923
325.2318023778498;342.4101565978905;Étalle 6743;Belgium;4.754914126622221;49.63643138994075;2025-10-05T14:15:12.000Z;5.597109629672759;Y10;Fused;2025-10-05T14:15:20.373Z;Luxemburg;;3.348929482870203
330.1975514488295;343.4931996196388;Étalle 6743;Belgium;4.711587454621731;49.63641208580798;2025-10-05T14:16:14.000Z;5.596805503247283;B6;Fused;2025-10-05T14:16:19.429Z;Luxemburg;;3.409615915354682
327.9463565899059;344.2944331319234;Étalle 6743;Belgium;4.694731837893916;49.63647116427217;2025-10-05T14:16:48.000Z;5.596549155116122;YP;Fused;2025-10-05T14:16:55.726Z;Luxemburg;;3.432787497508992
323.5979352872819;344.4325969532278;Étalle 6743;Belgium;4.719663065443848;49.63649691541259;2025-10-05T14:18:37.000Z;5.595790219497992;Y11;Fused;2025-10-05T14:18:42.779Z;Luxemburg;;3.398428693010052
324.6413963399827;332.6898584673588;Étalle 6743;Belgium;4.71345982746128;49.63651444219244;2025-10-05T14:21:43.000Z;5.594468409704967;Y12;Fused;2025-10-05T14:21:48.889Z;Luxemburg;;3.407027074693935
331.0373191833496;333.3147377825979;Étalle 6743;Belgium;5.087497879699224;49.63650614959154;2025-10-05T14:23:32.025Z;5.593898529192054;B8;Fused;2025-10-05T14:23:37.209Z;Luxemburg;;8
321.659634847194;333.5112233312999;Étalle 6743;Belgium;4.711199390615086;49.63650416314235;2025-10-05T14:24:28.000Z;5.593157566942085;Y13;Fused;2025-10-05T14:24:33.903Z;Luxemburg;Rue de Montauban 81–82;3.410152098463773
312.0733299255371;324.8925388825219;Étalle 6743;Belgium;3.745026683116941;49.63633038108203;2025-10-05T14:25:21.000Z;5.592621210967742;B9;Fused;2025-10-05T14:25:26.088Z;Luxemburg;Rue de Montauban 81–82;6
321.6022869450971;344.2729253440734;Étalle 6740;Belgium;4.687441705280556;49.63991207836163;2025-10-05T14:43:49.000Z;5.587646575440496;Y16;Fused;2025-10-05T14:43:53.738Z;Luxemburg;Rue de Montauban 81–82;3.442735437466165
323.2004427332431;346.7140004730758;Étalle 6740;Belgium;4.734564529633766;49.64026443285812;2025-10-05T14:46:15.000Z;5.588344639703601;Y17;Fused;2025-10-05T14:46:23.481Z;Luxemburg;Rue de Montauban 81–82;3.377637598606848
329.7804795010015;342.2575013296968;Étalle 6740;Belgium;4.798454318564263;49.64071827824932;2025-10-05T14:47:36.000Z;5.589267368912717;Y18;Fused;2025-10-05T14:47:42.816Z;Luxemburg;Rue de Montauban 81–82;3.286239976849045
330.160474174656;348.1731584412283;Étalle 6740;Belgium;4.760321004160948;49.64113817762082;2025-10-05T14:48:51.000Z;5.590834119903819;Y19;Fused;2025-10-05T14:48:57.700Z;Luxemburg;Rue de Montauban 81–82;3.341239436217187
341.1651268005371;361.3617447790039;Étalle 6740;Belgium;4.893457263360558;49.64584145233933;2025-10-05T14:58:24.000Z;5.605248045181487;X27;Fused;2025-10-05T14:58:31.768Z;Luxemburg;;8
338.8632469810545;353.6393435075382;Étalle 6740;Belgium;4.705995732073282;49.65705820406111;2025-10-05T15:04:30.000Z;5.596583775544625;X?;Fused;2025-10-05T15:04:41.052Z;Luxemburg;;6.00006741749853
329.4466819763184;363.0604530445425;Étalle 6743;Belgium;4.037383242908016;49.65683360588704;2025-10-05T15:11:42.000Z;5.593848824506247;X?;Fused;2025-10-05T15:11:49.020Z;Luxemburg;Chemin d'Étalle 35;6
339.4895897535607;353.8211164579828;Étalle 6740;Belgium;4.670750950923108;49.64534113653934;2025-10-05T15:27:52.000Z;5.606659809132672;X1;Fused;2025-10-05T15:27:57.281Z;Luxemburg;;6.000176324927364
351.9110103445128;355.7939179063147;Étalle 6740;Belgium;4.776747036712615;49.64541259425077;2025-10-05T15:28:28.000Z;5.607443222524713;X2;Fused;2025-10-05T15:28:32.431Z;Luxemburg;;3.317713788144796
351.9027488874272;356.6897092794304;Étalle 6740;Belgium;4.862116659813767;49.64543628976366;2025-10-05T15:28:42.000Z;5.607626430015313;D22;Fused;2025-10-05T15:28:47.109Z;Luxemburg;;3.19129419188364
351.0859141228721;360.0385915411284;Étalle 6740;Belgium;4.691895509087263;49.6456975337166;2025-10-05T15:29:38.000Z;5.609699952255242;D23;Fused;2025-10-05T15:29:43.034Z;Luxemburg;;3.43666314389345
352.644226083532;369.7312126082496;Étalle 6740;Belgium;4.750966457405434;49.64604132446075;2025-10-05T15:30:56.000Z;5.612421024045167;X6;Fused;2025-10-05T15:31:00.466Z;Luxemburg;;3.354527500766284
354.1070213317871;370.5352143056971;Étalle 6740;Belgium;4.399825295760663;49.64633288332228;2025-10-05T15:32:04.000Z;5.613959021871549;X7;Fused;2025-10-05T15:32:09.314Z;Luxemburg;;4
357.8179713059217;371.9937487132413;Étalle 6740;Belgium;4.780809949979248;49.64634964720926;2025-10-05T15:32:31.000Z;5.61477360216101;D24;Fused;2025-10-05T15:32:37.127Z;Luxemburg;;3.311856466540822
359.3433599006385;372;Étalle 6740;Belgium;4.705044879871251;49.64659626883194;2025-10-05T15:33:09.000Z;5.615917718260235;ZD;Fused;2025-10-05T15:33:13.449Z;Luxemburg;Rue des Maigriges;3.418638575688597
354.8832431472838;373.4732504253353;Étalle 6740;Belgium;4.765333640458486;49.64790987807885;2025-10-05T15:35:14.000Z;5.614912521512797;X8;Fused;2025-10-05T15:35:18.431Z;Luxemburg;;3.334086430778828
356.920892230235;373.6355923343295;Étalle 6740;Belgium;4.71185146614747;49.64788355839018;2025-10-05T15:35:25.000Z;5.614877880563956;Z15;Fused;2025-10-05T15:35:31.114Z;Luxemburg;;3.409251060534082
350.1849022535607;372.3039339968578;Étalle 6740;Belgium;4.246971534194558;49.64836616539395;2025-10-05T15:36:50.000Z;5.614552795892223;X9;Fused;2025-10-05T15:36:54.627Z;Luxemburg;;4.052834612347078
360.1337547302246;366.0525761558557;Étalle 6740;Belgium;4.59154462383647;49.64921676092749;2025-10-05T15:37:51.000Z;5.613946029921633;X10;Fused;2025-10-05T15:37:56.631Z;Luxemburg;;6
354.4347893707454;357;Étalle 6740;Belgium;4.784379121489279;49.65101029227705;2025-10-05T15:39:24.000Z;5.612784549406995;XP;Fused;2025-10-05T15:39:30.438Z;Luxemburg;;3.306698270880836
353.6545109432191;352.5849643298488;Étalle 6740;Belgium;4.871901114110631;49.65175393340746;2025-10-05T15:39:59.000Z;5.612253370394132;X11;Fused;2025-10-05T15:40:06.344Z;Luxemburg;;3.176336973168373
359.7293358473107;355.8650208985222;Étalle 6740;Belgium;4.252530938081544;49.65276905340141;2025-10-05T15:40:52.000Z;5.611432548617581;X12;Fused;2025-10-05T15:40:56.487Z;Luxemburg;;6.001407792679778
350.2014049626887;351.7926086782275;Étalle 6740;Belgium;4.604559262917528;49.65352922545923;2025-10-05T15:41:21.000Z;5.611117278709199;X13;Fused;2025-10-05T15:41:26.712Z;Luxemburg;;3.685185609522059
344.0965134585276;350.1455767382161;Étalle 6740;Belgium;4.583200010042062;49.65420930311465;2025-10-05T15:42:13.000Z;5.610654785144169;X14;Fused;2025-10-05T15:42:17.258Z;Luxemburg;;3.580337232823087
341.5870007565245;345.7701560331312;Étalle 6740;Belgium;5.132273972001943;49.65492865105746;2025-10-05T15:45:35.000Z;5.610091640015182;X15;Fused;2025-10-05T15:45:40.106Z;Luxemburg;;2.969219864796719
345.8503533173352;351.880285964753;Étalle 6740;Belgium;4.725700560848301;49.65592648843736;2025-10-05T15:46:10.000Z;5.609606623684553;X16;Fused;2025-10-05T15:46:14.342Z;Luxemburg;;3.390028206665379
339.1770457085222;347.5573141242306;Étalle 6740;Belgium;4.799918878141189;49.65642488179051;2025-10-05T15:46:32.000Z;5.609195620532679;X17;Fused;2025-10-05T15:46:35.864Z;Luxemburg;;3.284100454622645